Year,Return
2020,
2021,0.233688384995149
2022,0.22000950682743015
2023,0.11027124548426892
2024,0.8894078692176615
