Year,Return
2021,
2022,-0.39994045661126687
2023,-0.3473776466242309
2024,-0.2762386752948526
