Year,Return
2021,
2022,-0.22159524305198586
2023,-0.12247552717628929
2024,-0.19115083881942774
